0,1,2,3,4,5,6,table_index,7
עונה,שם מלא,גיל,סטטוס,עיר מגורים,מין,Days in game,1,
1,אשר סימוני,30,נשוי+2,טבריה,ז,44,1,
1,עינב בובליל,23,רווקה,אשקלון,נ,107,1,
1,קרן חסיס,25,רווקה,הרצליה,נ,37,1,
1,צבר גדיש,27,רווק,בנימינה,ז,72,1,
1,רנין בולוס,24,זוגיות,נווה שלום,נ,86,1,
1,ערן זילברמן,26,רווק,תל אביב,ז,23,1,
1,בוריס שניידרובסקי,22,רווק,רעננה,ז,9,1,
1,לאון שניידרובסקי,22,רווק,רעננה,ז,107,1,
1,נעמה פרידמן,34,נשואה+2,לימן,נ,26,1,
1,ונסה אלוש,27,רווקה,ביתן אהרון,נ,65,1,
1,איתי זיו,28,רווק,תל אביב,ז,107,1,
1,מיקי לוין,31,נשואה+1,רמת השרון,נ,16,1,
1,שי שטרית,26,זוגיות,חדרה,ז,51,1,
1,ג'ני טוקרב,23,זוגיות,כפר סבא,נ,28,1,
1,שפרה קורנפלד,27,רווקה,ירושלים,נ,107,1,
1,יוסי בובליל,55,נשוי+3,אשקלון,ז,107,1,
1,חגית רונן מימון,43,נשואה+2,באר שבע,נ,79,1,
1,יוני וינקל,30,רווק,ערד,ז,93,1,
1,אינה ברוורמן,22,רווקה,עכו,נ,93,1,
1,שחר בן דוד,28,רווק,צור יגאל,ז,100,1,
עונה,שם מלא,גיל,סטטוס,עיר מגורים,מין,מקצוע,2,Days in game
1VIP,שימי תבורי,56,"גרוש בשלישית+7, בזוגיות",ארצות הברית,ז,זמר,2,31
1VIP,מנחם בן,60,נשוי בשנית+6,כרמיאל,ז,מבקר ספרות,2,31
1VIP,שרונה פיק,28,רווקה,רמת השרון,נ,זמרת,2,29
1VIP,דניאלה פיק,25,רווקה,רמת השרון,נ,זמרת,2,17
1VIP,קורין אלאל,54,זוגיות+2,גנות,נ,מוזיקאית,2,31
1VIP,עדי נוימן,26,רווקה,ניו יורק,נ,דוגמנית,2,29
1VIP,יוסי מילשטיין,31,נשוי+3,?,ז,איש יחסי ציבור,2,10
1VIP,פנינה טורנה,46,נשואה+1,ארצות הברית,נ,מעצבת אופנה,2,31
1VIP,אמיר פיי גוטמן,32,מאורס,קריית חיים,ז,זמר,2,24
1VIP,מאיה בוסקילה,31,רווקה,תל אביב,נ,זמרת,2,24
1VIP,גיא לובלצ'יק,19,רווק,?,ז,דוגמן ואתלט,2,29
1VIP,כוכי מרדכי,37,גרושה+1,?,נ,עורכת דין,2,17
1VIP,דודי מליץ,27,זוגיות,תל אביב,ז,דוגמן,2,31
עונה,שם מלא,גיל,סטטוס,עיר מגורים,מין,Days in game,3,
2,אביב סביון,26,רווק,נווה מונסון,ז,31,3,
2,שרה לוין,61,נשואה+3,תל אביב,נ,63,3,
2,אלין לוי,19,זוגיות,ראשון לציון,נ,110,3,
2,מעיין חודדה,22,נשואה,קריית טבעון,נ,15,3,
2,מוטי חודדה,32,נשוי,קריית טבעון,ז,15,3,
2,יוסף נתן בכר,31,רווק,עולש,ז,49,3,
2,דלית לאומי,31,גרושה+1,תל אביב,נ,10,3,
2,בנצי שני,46,נשוי+3,מודיעין,ז,36,3,
2,"ג'ילדה ""ג'י"" שמש",28,גרושה+1,רמלה,נ,22,3,
2,ארז דה דרזנר,31,זוגיות,חיפה,ז,105,3,
2,אלירז שדה,27,רווק,חדרה,ז,110,3,
2,גואל פינטו,40,גרוש,תל אביב,ז,110,3,
2,איילה רשף,25,רווקה,ראש העין,נ,98,3,
2,סתיו וקנין,25,רווקה,רמלה,נ,38,3,
2,סער שיינפיין,37,רווק,תל אביב,ז,110,3,
2,פותנה ג'אבר,37,נשואה+2,תל אביב,נ,110,3,
2,עדנה קנטי,55,נשואה+2,הוד השרון,נ,78,3,
2,הילה איפרגן,25,גרושה+1,פתח תקווה,נ,91,3,
2,תומר לנצמן,24,רווק,גבעתיים,ז,70,3,
2,תמרה חיימוב,36,גרושה+1,תל אביב,נ,56,3,
2,דנה רחמימוב,25,רווקה,קיסריה,נ,56,3,
2,בירדי בל,24,רווקה,ניו יורק,נ,5,3,
עונה,שם מלא,גיל,סטטוס,עיר מגורים,מין,Days in game,4,
3,רינת גיטר,21,רווקה,פתח תקווה,נ,39,4,
3,שירן גיטר,21,רווקה,פתח תקווה,נ,39,4,
3,יגאל אלנקרי,50,גרוש+1,רמת גן,ז,32,4,
3,ליהיא גרינר,26,מאורסת,לוס אנג'לס,נ,109,4,
3,"יעקב ""ג'קי"" מנחם",22,רווק,רמת גן,ז,109,4,
3,פרידה הכט,46,רווקה+1,תל אביב,נ,102,4,
3,יואב מאור,21,רווק,תל אביב,ז,60,4,
3,סיון אברהמי,26,רווקה,אור יהודה,נ,109,4,
3,עמיר גולדברג,28,רווק,תל אביב,ז,109,4,
3,דנה רון,38,"גרושה+2, בזוגיות",תל אביב,נ,67,4,
3,יורם כהן,49,נשוי+8,עפרה,ז,22,4,
3,נופר מור,22,רווקה,תל אביב,נ,109,4,
3,אלעד צפני,21,רווק,תל אביב,ז,95,4,
3,סיון דרור,28,גרושה+1,חיפה,נ,11,4,
3,לי עוז כהן,25,רווק,תל אביב,ז,99,4,
3,ליאם רז,27,רווקה,חיפה,נ,46,4,
3,עתי שולברג,27,רווק,מודיעין,ז,60,4,
3,רם פרייס סיטון,26,רווק,נתניה,ז,74,4,
3,מרב בטיטו,41,נשואה בשנית+5,רעננה,נ,81,4,
3,תומר זריהן,34,רווק,תל אביב,ז,88,4,
3,הילה אקראי,25,רווקה,תל אביב,נ,88,4,
3,אבירם בן שושן,30,מאורס,לוס אנג'לס,ז,53,4,
3,לידיה נובארו,24,רווקה+1,פלמה דה מיורקה,נ,5,4,
עונה,שם מלא,גיל,סטטוס,עיר מגורים,מין,Days in game,5,
4,יעל ברון,47,גרושה בשלישית+2,תל אביב,נ,57,5,
4,יוסי סרור,54,גרוש+2,קריית אתא,ז,38,5,
4,קים רטוש,32,רווק,קריית חיים,ז,31,5,
4,אביבית בר זוהר,29,רווקה,רחובות,נ,87,5,
4,שי רגב,34,רווק,תל אביב,ז,45,5,
4,יאנה יוסף,23,רווקה,תל אביב,נ,93,5,
4,סער סקלי,27,בזוגיות,תל אביב,ז,93,5,
4,ערן טרטאקובסקי,30,רווק,באר שבע,ז,80,5,
4,"ברוריה ""ברי"" סימון זהר",52,נשואה בשביעית+1,חיפה,נ,17,5,
4,תמיר ורדי,36,רווק,תל אביב,ז,93,5,
4,"יקותיאל ""קותי"" סבג",29,רווק,בית שמש,ז,93,5,
4,שרי שימחוב,23,רווקה,תל אביב,נ,93,5,
4,סופי קרבצקי,26,בזוגיות,תל אביב,נ,80,5,
4,איתם ישראלי,27,רווק,תל אביב,ז,66,5,
4,זיוה כהן בהנם,34,נשואה+3,ניו יורק,נ,17,5,
4,בטי עזרן קפרא,29,נשואה,רחובות,נ,10,5,
4,דודו קפרא,34,נשוי,רחובות,ז,19,5,
4,אביב זילבר,25,רווק,נתניה,ז,24,5,
4,עינב ויינר,28,נשואה,גאולים,נ,66,5,
4,צבי פורטל,34,רווק,תל אביב,ז,73,5,
4,לירון זהבי,32,גרושה+1,חולון,נ,59,5,
4,ויקטוריה אירולוג'י,18,רווקה,מאר דל פלאטה,נ,5,5,
עונה,שם מלא,גיל,סטטוס,עיר מגורים,מין,Days in game,6,
5,אבי לוי,57,נשוי+2,טבריה,ז,108,6,
5,דורין סגול,32,נשואה+3,חולון,נ,101,6,
5,ענת צאיג,39,רווקה,תל אביב,נ,73,6,
5,דני רייכנטל,46,גרוש+1,תל אביב,ז,9,6,
5,פאולינה אלברשטיין,28,רווקה,תל אביב,נ,44,6,
5,לאון שוובסקי,27,רווק,רמת גן,ז,115,6,
5,דנה רן,40,גרושה בשנית+5,קריית טבעון,נ,38,6,
5,בני גולדשטיין,35,גרוש+3,אשקלון,ז,24,6,
5,"לבנה ""זוהרים"" גוגמן",29,רווקה,תל אביב,נ,115,6,
5,"אהרון ""ביז'ו"" צאצאשווילי",36,נשוי+1,קריית חיים,ז,94,6,
5,שלי ורוד,35,רווקה,לוס אנג'לס,נ,52,6,
5,יניב שמואל אויזרץ,32,רווק,חיפה,ז,94,6,
5,טהוניה רובל,25,רווקה,בית שמש,נ,115,6,
5,קרין בן גלים,23,בזוגיות,קריית ביאליק,נ,6,6,
5,דור דמרי,23,רווק,פתח תקווה,ז,115,6,
5,מירי חן,48,גרושה+2,חיפה,נ,17,6,
5,רוני מיילי,56,נשוי+3,פרדס כץ,ז,15,6,
5,גילי מיילי,37,נשוי+2,פתח תקווה,ז,57,6,
5,דידי לוזון,27,נשואה,ראשון לציון,נ,87,6,
5,איתי וולך,25,רווק,תל אביב,ז,115,6,
5,ירדן עוז,21,רווקה,רמת גן,נ,108,6,
5,מוטי גלזר,62,גרוש,תל אביב,ז,80,6,
5,אור דניאל,24,רווקה,תל אביב,נ,87,6,
עונה,שם מלא,גיל,סטטוס,עיר מגורים,מין,Days in game,7,
6,אחי נתן,25,רווק,קריית שמונה,ז,102,7,
6,דנית גרינברג,22,רווקה,פתח תקווה,נ,109,7,
6,"מיכאל ""מיקי"" הירשמן (מיקיאגי)",46,רווק,מושב עולש,ז,88,7,
6,לינור שפר,28,רווקה,ניו יורק,נ,109,7,
6,צחי אשכנזי,34,גרוש+1,לוד,ז,74,7,
6,"אלעד ""נסיך"" מזרחי",27,רווק,נתניה,ז,18,7,
6,טל גלבוע,36,נשואה+3,כפר סבא,נ,109,7,
6,אורטל בן דיין,33,בזוגיות,תל אביב,נ,25,7,
6,דורון מירן,51,נשוי+3,בית שאן,ז,39,7,
6,קארין זלאיט,27,רווקה,תל אביב,נ,32,7,
6,אורטל גושן,22,רווקה,לוד,נ,78,7,
6,אליאב אוזן,31,רווק,תל אביב,ז,95,7,
6,אנה בול,26,רווקה,תל אביב,נ,46,7,
6,מרטין סולל,58,"גרושה+1, בזוגיות",פריז,נ,102,7,
6,אלדד גל-עד,31,רווק,תל אביב,ז,109,7,
6,עינב בובליל,29,נשואה+3,אשקלון,נ (מהעונה הראשונה),95,7,
6,מנחם בן,65,נשוי בשנית+6,נופים,ז (מהעונה הראשונה (VIP,67,7,
6,נופר מור,25,רווקה,תל אביב,נ (מהעונה השלישית),109,7,
6,בני גולדשטיין,37,גרוש+3,אשקלון,ז (מהעונה החמישית),53,7,
6,אורטל גושן,22,רווקה,לוד,נ (מאותה עונה),78,7,
6,יאיר קידר,27,רווק,"כרם מהר""ל",ז,5,7,
עונה,שם מלא,גיל,סטטוס,עיר מגורים,מין,מקצוע,8,Days in game
2VIP,שיר אלמליח,25,בזוגיות,ניו יורק,נ,דוגמנית,8,38
2VIP,מושיק עפיה,40,גרוש,חולון,ז,זמר,8,38
2VIP,אריאנה מלמד,57,גרושה+2,רחובות,נ,עיתונאית,8,10
2VIP,קטיה גאלי,42,גרושה,חיפה,נ,דוגמנית,8,17
2VIP,איציק זוהר,44,גרוש+2,בת ים,ז,כדורגלן עבר,8,38
2VIP,"ניר ""נירו"" לוי",46,גרוש בשנית+2,תל אביב,ז,שחקן,8,38
2VIP,נטלי עטיה,40,גרושה+2,תל אביב,נ,דוגמנית,8,24
2VIP,ישראל גודוביץ',81,נשוי+2,תל אביב,ז,אדריכל,8,10
2VIP,רתם איזק,29,רווקה,תל אביב,נ,עיתונאית,8,31
2VIP,מוטי גלעדי,68,"אלמן+3, גרוש+1",קיסריה,ז,קומיקאי,8,36
2VIP,סתיו סטרשקו,22,רווקה,רמת גן,נ,דוגמנית,8,36
2VIP,סטלה עמר,40,נשואה,ארצות הברית,נ,דוגמנית,8,38
עונה,שם מלא,גיל,סטטוס,עיר מגורים,מין,Days in game,9,
7,דודו כהן,33,רווק,עפולה,ז,113,9,
7,תמר שילה,30,רווקה,קדומים,נ,32,9,
7,סלים מרעי,40,רווק,תל אביב,ז,25,9,
7,עומר קינן,22,רווקה,קדימה-צורן,נ,18,9,
7,שי חי,32,"גרוש+2, בזוגיות עם תניה",הרצליה,ז,87,9,
7,קסניה טרנטול,28,רווקה,לוד,נ,109,9,
7,גיל אלמוג,27,רווק,תל אביב,ז,39,9,
7,פלורי אלקסלסי,38,רווקה,בית שאן,נ,56,9,
7,עמרי בן- נתן,29,רווק,שוהם,ז,113,9,
7,שי-מיקה יפרח,23,רווקה,קצרין,נ,113,9,
7,ברק אדרי,25,רווק,קיבוץ צרעה,ז,113,9,
7,"קורין ""קוקו"" אביסדריס",29,רווקה,ירושלים,נ,46,9,
7,מייקל אלרואי,25,רווק,חדרה,ז,60,9,
7,גילי כהן,42,נשוי+2,חולון,ז,39,9,
7,אור סיונוב,35,רווקה,ניו יורק,נ,95,9,
7,אילנה כספוב,54,נשואה+2,נהריה,נ,11,9,
7,ארבל קינן,22,רווקה,תל אביב,נ,74,9,
7,תניה (תני) גרבר,23,בזוגיות עם שי-חי,רמת השרון,נ,87,9,
7,אסתי לי פז,29,רווקה,נתניה,נ,67,9,
7,רינת פליישר,45,גרושה+1,ראשון לציון,נ,81,9,
7,שחר חפץ,35,רווק,גדרה,ז,61,9,
7,איציק כרסנטי,46,גרוש בשנית+4,חיפה,ז,87,9,
עונה,שם מלא,גיל,סטטוס,עיר מגורים,מין,Days in game,10,
8,שמוליק ספן,58,נשוי+2,גבעתיים,ז,31,10,
8,כוכב ספן,57,נשואה בשנית+4,גבעתיים,נ,31,10,
8,חיים שועי,26,בזוגיות,בית שאן,ז,101,10,
8,אסתר ליברזון נמר,36,נשואה בשנית+3,כפר סבא,נ,10,10,
8,שם ברדוגו,30,בזוגיות,תל אביב,ז,66,10,
8,מעיין אשכנזי,25,רווקה,הרצליה,נ,101,10,
8,אנדל קבדה,25,רווק,אשדוד,ז,80,10,
8,עדן סבן,21,רווקה,אשדוד,נ,80,10,
8,אביחי אוחנה,27,רווק,אילת,ז,101,10,
8,תהילה אסודרי,32,בזוגיות,רמת גן,נ,17,10,
8,חזי חיים,36,רווק,תל אביב,ז,24,10,
8,תאלין אבו חנא,22,בזוגיות,תל אביב,נ,52,10,
8,דן רושנסקי,28,רווק,תל אביב,ז,94,10,
8,אורנה דנינו,37,גרושה+2,פתח תקווה,נ,99,10,
8,שני גולדשטיין,25,רווקה,תל אביב,נ,101,10,
8,ג'ודי עמר,24,רווקה,ירושלים,נ,28,10,
8,שרון גל,42,גרוש+2,גבעת שמואל,ז,101,10,
8,אנסטסיה טל,23,רווקה+1,נתניה,נ,14,10,
8,עומר גורדון,36,גרוש,חיפה,ז,35,10,
עונה,שם מלא,גיל,סטטוס,עיר מגורים,מין,Days in game,11,
9,אליאב רחמים,22,רווק,קריית גת,ז,120,11,
9,לירז אסייג,35,גרושה,פתח תקווה,נ,65,11,
9,ישראל אוגלבו,27,רווק,תל אביב,ז,120,11,
9,מגי טביבי,24,בזוגיות,חולון,נ,58,11,
9,מירב ישראל,38,נשואה+2,נתניה,נ,120,11,
9,רועי קורנבלום,23,רווק,הוד השרון,ז,113,11,
9,מריה דומרק,22,בזוגיות,קריית אונו,נ,120,11,
9,אילן קורן,56,נשוי+3,כפר סבא,ז,19,11,
9,שמס מרעי אבומוך,35,נשואה+3,באקה אל גרבייה,נ,30,11,
9,אינה סטיוארט,32,רווקה,תל אביב,נ,12,11,
9,תמי מונטג,28,גרושה+1,רמת גן,נ,35,11,
9,טאי שרקי,25,רווק,הרצליה,ז,10,11,
9,סמואל חגאי,35,גרוש,ניו יורק,ז,36,11,
9,אורלי יחזקאל,58,נשואה+1,בת ים,נ,40,11,
9,תומר רוטשילד,25,בזוגיות,תל אביב,ז,80,11,
9,לירון אופיר,25,בזוגיות,חיפה,ז,43,11,
9,סימה מיימון בכר,42,נשואה+3,מיאמי,נ,92,11,
9,אביבית בר זוהר,36,רווקה,תל אביב,נ,85,11,
9,אדל בספלוב,25,בזוגיות,תל אביב,נ,78,11,
9,אלי זרקה,30,רווק,קוסטה ריקה,ז,48,11,
9,דניאל גרינברג,24,רווקה,מיתר,נ,54,11,
9,"משה ""מושיקו"" פסל",28,בזוגיות,גבעתיים,ז,33,11,
9,עמוס חלפון,55,נשוי בשלישית+4,נופך,ז,47,11,
9,בר סנדלר,24,רווקה,ראשון לציון,נ,23,11,
9,נטע ברזני,20,רווקה,ירושלים,נ,5,11,
9,"לירון ""טילטיל"" אורפלי",43,נשוי+2,תל אביב,ז,5,11,
9,עמרי בן נתן,32,רווק,קריית אונו,ז,5,11,
עונה,שם מלא,גיל,סטטוס,עיר מגורים,מין,מקצוע,12,Days in game
3VIP,עדי לאון,43,נשוי+3,חולון,ז,מלחין,12,50
3VIP,הישאם סלימאן,41,נשוי+3,נוף הגליל,ז,שחקן,12,40
3VIP,אורלי רביבו,42,רווקה,תל אביב,נ,ניהול ושיווק,12,47
3VIP,בן זיני,22,בזוגיות,תל אביב,ז,כוכב רשת,12,50
3VIP,נרי ליבנה,65,גרושה+3,תל אביב,נ,עיתונאית,12,36
3VIP,אביבה תבורי,45,גרושה+4,תל אביב,נ,אשת טלוויזיה,12,23
3VIP,לירן שטראובר,44,גרוש בשנית+3,יגל,ז,כדורגלן עבר,12,43
3VIP,עדן יוחנן,29,רווקה,תל אביב,נ,דוגמנית,12,33
3VIP,אסף גורן,27,רווק,לוס אנג'לס,ז,רקדן ברייקדאנס,12,50
3VIP,ויקי כנפו,59,גרושה+3,מצפה רמון,נ,פעילה חברתית,12,47
3VIP,רומי נסט,22,רווקה,רמת השרון,נ,דוגמנית,12,15
3VIP,גילי מוסינזון,40,גרוש+2,תל אביב,ז,כדורסלן עבר,12,8
3VIP,נטלי דדון,35,רווקה+1,תל אביב,נ,דוגמנית,12,50
3VIP,אורי גרוס,44,בזוגיות+2,תל אביב,ז,תסריטאי,12,29
3VIP,שי חי,35,נשוי בשנית+2,רמת השרון,ז,אמן לחימה,12,50
עונה,שם מלא,גיל,סטטוס,עיר מגורים,מין,Days in game,13,
10,חגית היימן,36,רווקה,הרצליה,נ,67,13,
10,ליאור דואק,28,רווק,הרצליה פיתוח,ז,88,13,
10,תקווה גדעון,31,רווקה,חולון,נ,95,13,
10,יוסי אורפלי,67,נשוי+1,תל אביב,ז,92,13,
10,מישל מיכייב,21,בזוגיות,רמת גן,נ,18,13,
10,יעל פפר,46,רווקה+8,גדרה,נ,25,13,
10,ירדן אדרי,26,רווקה,קריית מוצקין,נ,95,13,
10,אדם אליוף,22,רווק,תל אביב,ז,93,13,
10,רונן פייגנבוים,44,נשוי+3,הוד השרון,ז,39,13,
10,ניר אבישי כהן,38,רווק,אלמגור,ז,86,13,
10,אמלי פרי,34,גרושה מאורסת+3,נתניה,נ,44,13,
10,גדי פניבילוב,22,נשוי+1,קריית חיים,ז,95,13,
10,רות אלבז,31,רווקה,תל אביב,נ,32,13,
10,אסיף אלקיים,28,רווק,פוריה,ז,95,13,
10,אודליה סוויסה,34,נשואה+4,ירוחם,נ,46,13,
10,כפיר כהן,34,רווק,תל אביב,ז,11,13,
10,אלון וולקוביצקי,47,רווק,פתח תקווה,ז,5,13,
10,שירלי סידיק,25,רווקה,תל אביב,נ,32,13,
10,פול טשגיאן,26,רווק,חיפה,ז,25,13,
10,נועם לוי,22,רווקה,גני תקווה,נ,13,13,
10,אורן חזן,38,נשוי+2,אריאל,ז,5,13,
עונה,שם מלא,גיל,סטטוס,עיר מגורים,מין,Days in game,14,
11,"יחזקאל ""בגדדי"" צור",65,נשוי+2,רחובות,ז,8,14,
11,ליאור כלפון,47,נשוי+4,בנימינה- בגעת עדה,ז,99,14,
11,גל גברעם,19,רווקה,נתניה,נ,71,14,
11,שולה זקן,63,נשואה+3,ירושלים,נ,27,14,
11,דרור קונטנטו,34,"גרוש+1, בזוגיות",יפו,ז,81,14,
11,"יונתן ""ג'וזי"" זירה",33,רווק,תל אביב,ז,108,14,
11,קארין עליה,22,רווקה,קריית גת,נ,108,14,
11,רמי ורד,57,גרוש+3,פתח תקווה,ז,106,14,
11,מור לרמן,33,בזוגיות,רמת גן,נ,22,14,
11,זהבה בן,52,גרושה+1,ראשון לציון,נ,108,14,
11,אילון אקון,31,נשוי,הרצליה,ז,43,14,
11,ימית אברמוב,38,נשואה+2,ירושלים,נ,50,14,
11,לינור סביניק,25,גרושה,אזור,נ,78,14,
11,תום חיימוב,33,רווק,תל אביב,ז,108,14,
11,דיוויד דימוס,35,רווק,אילת,ז,15,14,
11,אלימלך קשתי,36,גרוש בשנית+2,תל אביב,ז,5,14,
11,יהודה יצחקוב,31,רווק,חולון,ז,90,14,
11,רונית לוי,51,גרושה+2,עפולה,נ,36,14,
11,אורן אסידו,27,נשוי+1,כפר סבא,ז,56,14,
11,דלית דוידוב,37,נשואה+2,חולון,נ,12,14,
11,דניאל לוין,32,רווק,תל אביב,ז,52,14,
11,אופיר לוי,48,גרוש+3,ראש העין,ז,33,14,
11,אלמוג חדד,25,רווקה,ראשון לציון,נ,56,14,
11,נועה יונני,31,רווקה,תל אביב,נ,26,14,
עונה,שם מלא,גיל,סטטוס,עיר מגורים,מין,מקצוע,15,Days in game
4VIP,"יעקב ""ג'קי"" מנחם",33,נשוי+1,רמת גן,ז,בעל בית דפוס וזוכה העונה השלישית,15,7
4VIP,אור שפיץ,24,רווקה,תל אביב,נ,קונדיטורית,15,54
4VIP,מאיה בצלאל,37,נשואה+2,תל אביב,נ,שדרנית רדיו ומנחת טלוויזיה,15,33
4VIP,עומר ברזני,30,בזוגיות,ירושלים,ז,כוכב ריאליטי,15,57
4VIP,אייל ברקובר,30,רווק,תל אביב,ז,"דוגמן, מאמן ויועץ כושר",15,27
4VIP,רומי גיאור,23,רווקה,רמת השרון,נ,אשת תקשורת,15,45
4VIP,מירי כהן,50,נשואה+4,גבעת אולגה,נ,כוכבת רשת,15,47
4VIP,תמיר ורדי,46,רווק+2,יהוד,ז,רכז משאבי אנוש וכוח אדם,15,57
4VIP,"יעקב ""ג'קו"" אייזנברג",40,רווק,נתניה,ז,מוזיקאי,15,40
4VIP,רועי לולו,46,רווק,תל אביב,ז,מעצב שיער,15,16
4VIP,ציפי רומנו,41,מאורסת+2,רמת השרון,נ,אשת יחסי ציבור ושיווק,15,24
4VIP,שרית פולק,30,נשואה,חיפה,נ,מפיקת אירועים,15,57
4VIP,טיטי איינאו,30,בזוגיות,תל אביב,נ,דוגמנית ומנחת טלוויזיה,15,52
4VIP,אורן חזן,39,נשוי+2,מעלה אדומים,ז,"פוליטיקאי וח""כ לשעבר",15,57
4VIP,דנה רון,49,בזוגיות+2,תל אביב,נ,מנחת טלוויזיה,15,19
4VIP,דנית גרינברג,29,מאורסת,פתח תקווה,נ,כוכבת העונה השישית,15,5
עונה,שם מלא,גיל,סטטוס,עיר מגורים,מין,Days in game,16,
12,קאזם חלילה,28,רווק,תל אביב,ז,89,16,
12,דינה ערמי שמחי,58,גרושה+5,ראש העין,נ,68,16,
12,דיאן שוורץ,23,רווקה,תל אביב,נ,55,16,
12,נתנאל רודניצקי,31,רווק,רמת גן,ז,103,16,
12,מרינה קוזנצובה,20,בזוגיות,גבעתיים,נ,82,16,
12,אליאב טעטי,32,רווק,ראשון לציון,ז,33,16,
12,ריוואה רסלאן,26,רווקה,קריית שמונה,נ,96,16,
12,שחף רז,34,רווק,תל אביב,ז,103,16,
12,שרין טובה אברהם,30,רווקה,תל אביב,נ,82,16,
12,אופק לוי,21,רווק,תל אביב,ז,82,16,
12,בר נעה כהן,32,רווקה+1,ירושלים,נ,103,16,
12,דניאל מלכה,22,רווק,תל אביב,ז,94,16,
12,רחל בורטה,70,גרושה+2,תל אביב,נ,12,16,
12,אילנה טרננקו,31,רווקה+1,חיפה,נ,103,16,
12,דיאנה טרננקו,32,רווקה+1,חיפה,נ,26,16,
12,שרון בניפוסי,27,רווק,בית שאן,ז,40,16,
12,טליה עובדיה,29,רווקה,ראשון לציון,נ,103,16,
12,עמרי אלפיה,26,רווק,תל אביב,ז,19,16,
12,דנה אמסלם,23,רווקה,חיפה,נ,17,16,
12,דוד מהצרי,63,נשוי בשנית+4,בית עריף,ז,21,16,
12,ליה טאי אהרוני,25,בזוגיות,פתח תקווה,נ,30,16,
12,לירן רוזן,31,רווקה,תל אביב,נ,21,16,
12,משה קוגמן,31,גרוש+1,באר שבע,ז,42,16,
12,דרור רוקנשטיין,45,גרוש+1,גן יבנה,ז,51,16,
עונה,שם מלא,גיל,סטטוס,עיר מגורים,מין,Days in game,17,
13,"יעקב ""יענקי"" גולדהבר",20,רווק,בני ברק,ז,104,17,
13,יובל מעתוק,28,רווקה,תל אביב,נ,104,17,
13,שניר ניסים בורגיל,27,רווק,עומר,ז,104,17,
13,ניקול אורי בוטביניק,21,רווקה,נשר,נ,54,17,
13,רוי רייניש,26,רווק,תל אביב,ז,13,17,
13,גיא איתן,33,רווק,תל אביב,ז,35,17,
13,אתי ייטב,68,נשואה+3,מנחמיה,נ,75,17,
13,לין אלפי,21,רווקה+1,הרצליה,נ,46,17,
13,אברהם אקלום,27,רווק,טירת הכרמל,ז,100,17,
13,גל קספרס,37,גרושה+3,הרצליה,נ,26,17,
13,לרה מטודי,55,גרושה+3,אשקלון,נ,41,17,
13,יובל לוי,32,רווקה,יפו,נ,69,17,
13,עידן מורד,26,רווק,חיפה,ז,19,17,
13,שי עפרי,23,רווקה,ראשון לציון,נ,96,17,
13,בן ויארניק,32,נשוי+2,אלפי מנשה,ז,56,17,
13,סתיו קצין,33,גרושה+2,אריאל,נ,104,17,
13,ספיר בורגיל,30,רווקה,עומר,נ,82,17,
13,אלון חובל,24,רווק,אשדוד,ז,33,17,
13,מאיה גרוסמן,24,רווקה,רעננה,נ,12,17,
13,אורי כהן,33,רווק+1,ראש העין,ז,40,17,
13,ליאל נועם קוצרי,28,רווק,תל אביב,ז,59,17,
13,דנה משה,21,רווקה,בית שאן,נ,20,17,
13,עדן שבירו,23,רווקה,חולון,נ,44,17,
13,שיר צרפתי,24,רווקה,קריית גת,נ,30,17,
13,ריקי רוטר,25,בזוגיות,בת ים,נ,16,17,
13,יאיר שלמה כמכאג'י,30,רווק,הרצליה,ז,23,17,
13,אורי נגר,31,גרוש+2,מיתר,ז,39,17,
עונה,שם מלא,גיל,סטטוס,עיר מגורים,מין,Final placement,18,Days in game
14,חיים טויטו,29,רווק,נתניה,ז,12,18,88
14,עידן גלפר,29,רווק,אשדוד,ז,14,18,77
14,קורלי יסמין לרוסה,31,רווקה,תל אביב,נ,17,18,58
14,פרידה זיו עוזיאל,25,רווקה,תל אביב,נ,2,18,112
14,ברק מדר,24,בזוגיות,נתיבות,ז,22,18,32
14,נועם מדר,24,רווק,נתיבות,ז,5,18,112
14,הדר שירי,24,רווקה,רמת גן,נ,4,18,112
14,דני צ'ירבוננקו,29,רווק,חיפה,ז,6,18,109
14,בן אדם,35,רווק,תל אביב,ז,18,18,49
14,אור בן דוד,29,גרוש בזוגיות+1,ראשון לציון,ז,1,18,112
14,אמילי קופר,21,רווקה,אשדוד,נ,11,18,91
14,דנה בן שושן,41,נשואה+4,אילון,נ,24,18,25
14,תום ברכה,41,רווק,תל אביב,ז,25,18,21
14,דינור אבשייב,26,רווקה,נתניה,נ,27,18,8
14,לירון טנג'י,31,גרושה בזוגיות+1,אשקלון,נ,26,18,16
14,אורית ג'ודי טנג'י,61,נשואה+3,אשקלון,נ,23,18,28
14,יהב ארהבור,26,רווק,רמלה,ז,21,18,36
14,יוסי פריאנטי,29,נשוי+1,לוד,ז,3,18,112
14,עינב שרי,24,בזוגיות,תל מונד,נ,13,18,84
14,מלאני למברסקי,24,בזוגיות,חיפה,נ,8,18,103
14,צחי פלג,50,נשוי+3,כפר יונה,ז,20,18,42
14,מלי קליגר,23,גרושה,ביתר עילית,נ,19,18,49
14,קרן אוזן,25,בזוגיות,סביון,נ,16,18,63
14,איציק עמרם,39,נשוי+3,אריאל,ז,15,18,70
14,שילה שלום,27,רווק,תל אביב,ז,10,18,98
14,מיכל מושיוב,35,גרושה,הרצליה,נ,9,18,102
14,דרק ג'וניור (די ג'יי) שארפ,27,רווק,הרצליה,ז,7,18,105
