timestamp,text,likes,retweets
2025-03-25 10:04:19+00:00,"Fundraising campaign for Big Brother Mzansi runner up Uyanda Hlangabezo. 

Watch as Mandisi Tshingana unpacks how it all started https://t.co/sjR0mS0cBG https://t.co/Ae0LUW5tOS",0,0
2025-03-25 10:04:10+00:00,"Kliff Oday Dropped a New Single Feat Luna : Body Language

Vuu the Link
👇
https://t.co/BI54hdujSm

#MiMusic​ #NewMusic​ #kliffoday​ #Luna​ #BodyLanguage #BBMzansi Big Brother Doja Cat Nasty C Elon Swift Zozi Soshanguve IPID Tbo Touch Drake Reece James Daisies Travis Scott https://t.co/ddYjnqvXBP",0,0
2025-03-25 10:04:01+00:00,I wanna see big brother heathcliff now!!!,0,0
2025-03-25 10:03:53+00:00,"@elonmusk And the dems went on, and on, and on about Jan 6. This current  display of spitefulness has, unfortunately, spectacularly superceeded that lie, and the new wave of violent stupidity has tarnished America as a big brother.",0,0
2025-03-25 10:03:48+00:00,"@plutomaniapopi big brother,da presido,pls I’ve be sending you messages for long time now please 🙏 am an upcoming artist with alot of talent n vibes pls help my career grow please 🙏 07036538878",0,0
2025-03-25 10:03:47+00:00,"Big brother Namibia , Coming soon ☺️ https://t.co/kzu7i7PJAL",0,0
2025-03-25 10:03:42+00:00,"@RadioGenoa 40.000 churches in the Uk (APPROX)
1800 Mosques in the UK (APPROX)
Come on brother a few churches here and there closing so that worship is not diluted and can be held together is not a big deal….",0,0
2025-03-25 10:03:36+00:00,I wonder if this id will tease who will get the big brother id 👀 https://t.co/yIC54K631O,0,0
2025-03-25 10:03:25+00:00,@ItsPriddyUgly But the people who campaigned and voted for you to win Big Brother would want it announced. They want to know if their efforts to make you a winner of 2 million were successful.,0,0
2025-03-25 10:03:20+00:00,@MzingayeNkala23 @_Tshego012 They're donating money to some guy who lost that big brother thing.,0,0
2025-03-25 10:03:10+00:00,I am sorry even If you don’t know their age the way Pide act is so big brother coded it is so cute https://t.co/iL4lnKftkp,0,0
2025-03-25 10:02:52+00:00,"@sa_crime As long we lose focus on watching television shows like Big Brother all day,immigrants are ready to kick South Africans out of the country.",0,0
2025-03-25 10:02:34+00:00,@vikmaxxing FUCKING SAME some big artist just followed me and i'm like... brother why... i just post about pussy... pls stop...,0,0
2025-03-25 10:01:35+00:00,Damn I miss my big brother,0,0
2025-03-25 10:01:03+00:00,"@emperorsnewhoe They are referring to Big Brother's winner, so they will know, along with the rest of the country.

If I was your relie, you find me in your house, waiting for you to return from Big Brother. And I ain't moving out  (unless you are moving, in which case we are going together😂)",0,0
2025-03-25 10:00:50+00:00,Can Pinoy Big Brother get back to their original roots https://t.co/Nfb8v56WbU,0,0
2025-03-25 10:00:05+00:00,@RR_Paranormal Thank you big brother ❤️,1,0
2025-03-25 10:00:04+00:00,"@bisexualheathcl Bro finally got tired of the twink allegations, now we just need big brother heathcliff",1,0
2025-03-25 09:59:40+00:00,"@Bongekile920283 @90_thando Big brother firm is short lived, only his fans can make him last.",0,0
2025-03-25 09:59:12+00:00,@BBMzansi I need JoJo to regroup for next coming 5 years and JoJo sister to audition for big brother in 5 years 🙌🙌 5 year plan the JoJo family need to get that 2 million!!!,0,0
2025-03-25 09:57:38+00:00,"My big brother's birthday is in few days

Abi kin se powerbanks giveaway ni🤔😜

Happy birthday in advance egbon, my helper &amp;angel @seanpepisky

Lagbara Edumare, oke oke le o ma lo loruko Jesu Kristi Olugbala
#WorldSirSeanDay
#Mar29
#AngelInHumanBody

Help me follow&amp;wish him well https://t.co/TjdBxDQ4R3",1,1
2025-03-25 09:57:12+00:00,"@amahlemageba24 Whatever existing rift will be healed when I hear you have 2 million. By the time you leave Big Brother's house, you will find me in your house waiting for my share. 🙃😂😂😂😂😂",0,0
2025-03-25 09:57:01+00:00,"@HushMoney_GG Big brother is over MOVE ON and get over it 
Pick your own furniture and take care of it",0,0
2025-03-25 09:56:40+00:00,@RadioGenoa The only way these little men can get power they haven’t got the intelligence so they use the fear of Big Brother to their bronze age mates who all bang their heads on the floor and repeat over and over again some chant you’re being controlled people,0,0
2025-03-25 09:56:30+00:00,"They're forgetting that core tenet of BIG BROTHER from 1984 is ""BIG BROTHER IS ALWAYS WATCHING"" https://t.co/eyZRA6EAv0",3,0
2025-03-25 09:56:29+00:00,Why are people raising funds for Big Brother cast members? Did something happen to them?,0,0
2025-03-25 09:56:15+00:00,"Funny enough, I believe they’ll both be fine, the brother(markiss) is going to get help and also the sister(abike) cos of her big bunda would definitely have more finished men in her dm… At the end, it’s a 2way positive publicity for the 2 of them 🚶🏽 https://t.co/2IJ2m1BaNT",0,0
2025-03-25 09:55:57+00:00,"@BamaNaysay62877 @FOTPDave ""Big brother is always on your mind.,"" while finding himself on an Auburn post.",0,0
2025-03-25 09:55:44+00:00,@David_W_Watt That long term winner right now on @base is @SkiMaskToshi. Looking to follow behind big brother #toshi but the mask stays on #skimasktoshi https://t.co/vV89xrtv0O,0,0
2025-03-25 09:55:44+00:00,@UnSoul07 This is for you big brother https://t.co/1GBkvVtaLH,1,0
2025-03-25 09:55:17+00:00,"@MDNnewss Good news then,isn’t that South African youth is focused on Big Brother instead of state issues.",0,0
2025-03-25 09:54:32+00:00,@Luscious_0x @0xzoe_im @sign Congratulations my brother! You deserved it big time🧡,0,0
2025-03-25 09:54:17+00:00,@Senzo_Mchunu_ The police minister's visit to Soshanguve? It's like a big brother realizing how much his little bro needs some love and understanding 🤗💕 #CommunityGoals 😊,0,0
2025-03-25 09:53:38+00:00,"@Jimidesuuu @finalbosuX Big move brother, congrats",0,0
2025-03-25 09:53:10+00:00,"@SihleNyakane But if you won Big Brother, we would all know.

And I will be the first to come knocking on your door (I will find a way to be related to you 😂😂😂😋)",0,0
2025-03-25 09:53:06+00:00,@WWE @Gunther_AUT What would be funny would be Gunther making it a title match and Jimmy winning. First time fighting him and wins the belt with Jey losing 3 times. Now Jey gotta beat big brother Jimmy for the title. Gives them their WM do over from last year. But on real banger this time. https://t.co/8NquhSWo4n,0,0
2025-03-25 09:53:03+00:00,Big brother warriors never want to see us happy man https://t.co/Elf6XuCAJ9,0,0
2025-03-25 09:52:58+00:00,I just know the amount of people from KZN that are gonna enter big brother season 6 next are are gonna be a lot. 😂😂😂😂#BBMzmansi,0,0
2025-03-25 09:52:29+00:00,"@abba_leone1980 he's a bit weird, but he's like a big brother to me and i enjoy his presence! — 🌙",0,0
2025-03-25 09:51:54+00:00,@Vanessa_goldd And people don’t know why Uyanda went to the big brother house. I’m happy that people are donating and trying to help him do the things he wanted to do in the community.🔥,0,0
2025-03-25 09:51:26+00:00,"Yo all my Zinolovers brother @Didibofficial is in Lagos now for the promotion of your big hit Good vibes 🚀 let’s wish a Welcome 🔥🔥🔥 

Follow I will Follow back https://t.co/Gw35o8cUxg",4,1
2025-03-25 09:51:06+00:00,@weirddude123344 @Bible_Sw0rd @DrewPavlou @grok The call each other big brother and small brother throughout time depending on their powers at the time. I can assure you this no counter weight.,0,0
2025-03-25 09:50:30+00:00,@sahil3tt Big brother,1,0
2025-03-25 09:50:27+00:00,@realnorma_kay @Shadaya_Knight Majority  of big brother's viewers  are woman to be specific majority  of big brother's  viewers  are unemployed african woman cause no working person  has time to watch a person sleep in the middle of the night,0,0
2025-03-25 09:50:01+00:00,"@big_bids @AjeboDanny Boss please can u help with 3k 🙏 
I want to buy malaria /typhoid drugs 
I'm so sick 🤢

Please help me out brother
I'm dying  😪 🤲

8067805346 
Opay 
Philip

I am on my knees 🧎🧎

May God continue to bless u more abundantly as you reason with me",0,0
2025-03-25 09:49:55+00:00,"@dshensmith Under a One World Government, which is where we are being led by western governments, children will be the property of the State. We occasionally catch glimpses of the insidious creep of Big Brother invading the traditional family space. #GlobalGovernance #NWO #Globalism",0,0
2025-03-25 09:49:40+00:00,"RT and wish a happy birthday to Big Man @softkhay 🎉🤝👊

More blessings brother 💪",28,27
2025-03-25 09:49:40+00:00,"Question:What were your aspirations prior to participating in Big Brother Mzansi?  
SG:l aspired to play football and subsequently enter the entertainment industry, whether in music or television, as long as it was within that field.
#BBMzansi
#SWEETGULUVA
MARKETABLE SWEET GULUVA https://t.co/k412n4VTp7",12,7
2025-03-25 09:49:32+00:00,"@UnshackledUSA @Schoolcraft4TX @tedcruz Shut up, bootlicker.

This is Texas.  We don't want more government, more regulations, more spending and more government agencies created.

You silly American clowns can suck up to Big Brother all you want, but keep that Commie crap in the Failed 49.",0,0
2025-03-25 09:49:20+00:00,"Sweet Guluva will work with these people one day.... sadly, he will meet a lot of them who are like this towards his woman and still have to out his A game....

The story of Big Brother  continues it was not only Swiss

#bbmzansi https://t.co/g3PpRwxThf",10,0
2025-03-25 09:48:35+00:00,"ELISA: You're the best big brother ever, Howard.",0,0
2025-03-25 09:48:14+00:00,"@jayhood73 Good morning! I'm doing great, thanks. Today on X, trends include  (442K posts, likely K-pop),  (266K, ""Big Brother"" TV), and  (68K, K-pop milestone). Entertainment and culture dominate, with a surprising Japanese food trend  (115K). Enjoy the buzz! https://t.co/eAzQ4h3sdK https://t.co/vtuwhRX2L2",1,1
2025-03-25 09:48:14+00:00,"@chucky720 I think he is referring to the prize money for the Big Brother win.

You do not have to gamble, you could become a housemate for the next season. You may just win the prize, and it could be more than 2 million next year.",0,0
2025-03-25 09:48:06+00:00,@kuyahostPH Boooo! Send gcash number big brother 🤝,0,0
2025-03-25 09:47:52+00:00,"@EC_ANCYL ""Comrades we must strive to be socially relevant"" 

""We must do a statement for that Uyanda guy of big brother"" 

""Well done comrades, niyasebenza""",0,0
2025-03-25 09:47:22+00:00,@Brewers Facial recognition in order to watch a baseball game?? Nothing says 'Big Brother is Watching ' like literally  ripping a page from #1984.,0,0
2025-03-25 09:47:10+00:00,As a big brother I would do it in a heartbeat 🫡 https://t.co/1ahLsgXDWQ,0,0
2025-03-25 09:46:54+00:00,@MrJerryOC Don't they mean Jerry O'Connell 1 episode host of Big Brother.,0,0
2025-03-25 09:45:42+00:00,@LimbusCompany_B So its gonna be Big Brother Gregor then?,0,0
2025-03-25 09:45:40+00:00,"@fotchygirl When Biggie says "" You have 30 seconds to leave the Big Brother house"" 😂",0,0
2025-03-25 09:45:28+00:00,"Big Brother has moved to @Versa_Studios London, which has built a 200,000 sq ft expansion to house the reality show, plus its nightly Late &amp; Live show #broadcast #production #BigBrother https://t.co/pJIQCtolIk",0,0
2025-03-25 09:45:27+00:00,"#SweetAshley
#BBMzansi
#SweetGuluvaX2million
#SweetGuluva
MARKETABLE SWEET GULUVA
FOLLOW SWEET GULUVA ON SOCIALS 
BIG BROTHER PLEASE give Sweet Guluva his phone",2,1
2025-03-25 09:44:55+00:00,"@milesmerritt81 @SaveAmericaNew Very 1984, are you working for Big Brother?",0,0
2025-03-25 09:44:54+00:00,"@socialsociety94 @manlikemk_ You could, if you went to Big Brother.

I think he is referring to the Bbmzansi Big Brother winner who won 2 million on Sunday.",0,0
2025-03-25 09:44:47+00:00,@DecayingChain Big Brother of The Middle Meursault trust 🗣️🗣️🗣️,0,0
2025-03-25 09:43:51+00:00,Happy birthday to you big brother uwavutse niwe ugura 🎂🍻🍻 https://t.co/yneghl3zmO,0,0
2025-03-25 09:43:51+00:00,@bagelsatellite @manlikemk_ I think he is referring to the prize the winner of Big Brother got.,1,0
2025-03-25 09:43:27+00:00,@MDNnewss Guess what the song will cost the million he won from big brother.,0,1
2025-03-25 09:43:26+00:00,@MinxBrotherUK Stop tweeting off the minx big brother account x,0,0
2025-03-25 09:43:20+00:00,". @Versa_Studios is expanding its London footprint with the acquisition of an additional 200,000 square feet of space next to its existing location in Ealing, West London and will house @ITV  Big Brother, made by @BanijayUK prodco Initial.
https://t.co/mWBe1c53XL",0,0
2025-03-25 09:43:11+00:00,"@ninaturner Here’s a question, why does it cost thousands to get an ambulance ride? Why has the cost of healthcare gone through the roof? Because the gvmnt is subsidizing the insurance market. Anytime big brother gets involved, costs go insane. Get out of loan/insurance/child care subsidies",0,0
2025-03-25 09:42:50+00:00,louis being a big brother and taking care of and making his sisters happy makes me so emotional you don’t understand,0,0
2025-03-25 09:42:05+00:00,@MegaFunTweets @manlikemk_ Big Brother told everyone the winner gets 2 million.,0,0
2025-03-25 09:41:58+00:00,To the celebrity big brother in ☠cult plz die or never to be seen ijn #Nigeria #davido #olamide #wizkid #burnaboy #Instablog9ja #Naija #everyone #world #education #viral https://t.co/UNUvhTA3mZ,0,0
2025-03-25 09:41:31+00:00,@Timoshenko727 @lekan_mark I no win big money my brother. Na 39 naira I use Play am come stake 400 naira on the second code,0,0
2025-03-25 09:41:21+00:00,"Big Brother is watching you!
Whilst Poisonous Politicians are complicit with  letting  Islamic Militia Illegal Gimmigrants invade and pay them with our  taxes. At the same time, let Pakistani rape gangs roam free,  the same Poisonous Politicians bring in draconian laws to silence",0,0
2025-03-25 09:40:43+00:00,"@Tasty_Hlo @Thamie__ @tshoaniiey_m Actually actually it's 8 seasons since it started with Big Brother South Africa who then changed to BBM with Mandla as the first winner. 

But 5 people who are Zulu or Speak Zulu living in KZN or out of KZN have won. 

Khosi Twala is also Zulu out of KZN for BBT. So 6 in total",0,0
2025-03-25 09:39:52+00:00,@sahil3tt Big brother,1,0
2025-03-25 09:39:47+00:00,@sahil3tt Big brother,1,0
2025-03-25 09:39:40+00:00,"There's more than one way to skin a cat, you just have to find it. 

Use the bloody old fashioned letter or messenger boy to organise if you're afraid of Big Brother.

But if you do nothing, you lose.",0,0
2025-03-25 09:39:14+00:00,"@Yan_Messenger @LimbusCompany_B DO NOT LEMENT, FOR THIS ISN'T THE BIG BROTHER",1,0
2025-03-25 09:39:06+00:00,"#tavqotd how's your tav/durge as a parent?

- Tav'riel is his kids best friend. Sometimes acts like a father figure, sometimes like a big brother and tries his best to be understanding.
Sometimes he's afraid that they might have inherited his dark urge.

1/2 https://t.co/k32JeMh3BN https://t.co/J297szIDj9",0,0
2025-03-25 09:38:56+00:00,@Cherryb3rrycake @LimbusCompany_B Heathcliff gonna get big brother ID for sure cuz of pequod ID,1,0
2025-03-25 09:38:10+00:00,İTALY EST WİTH VENEZİANO BEİNG A LİTTLE PERV FREAK AND ROMANO HİS CUTE BİG BROTHER FUCK YEAAAAAH,2,0
2025-03-25 09:38:01+00:00,@sahil3tt Big brother,1,0
2025-03-25 09:37:55+00:00,"@4L3X11S Big brother's got skills, huh? 😏 That's one way to prove a point. 💁‍♀️",0,0
2025-03-25 09:37:49+00:00,"Naare it was only Uyanda , Sweet Guluva and Ashley that went to big brother ??? #BBMzansi",10,0
2025-03-25 09:37:16+00:00,"The English: wah, wah we're losing our country 😭
Also The English: Refuse to get out there and fight for the country, bury their heads in the sand, twist themselves into pretzel arguments to convince themselves they're powerless, scared of Big Brother, tear down anyone w/ ideas",0,0
2025-03-25 09:36:38+00:00,"I find it quite amusing that they don't know this $BTC run is caused by nothing other than Big Brother.

There is a reason this run up is primarily caused by perps, the algo bots that simply act in accordance with tradfi. Correlation is back. https://t.co/QCUu1zUSme https://t.co/EhG1NJ3OGk",3,1
2025-03-25 09:36:24+00:00,@goatofifunny @LqV3R_ Big brother of the middle heathcliff trust,0,0
2025-03-25 09:35:52+00:00,@Big_great05 @akka_finance Gm brother,0,0
2025-03-25 09:33:37+00:00,he’s still a big brother…. https://t.co/f3icosgTve,0,0
2025-03-25 09:33:06+00:00,Congratulations ka big brother? Weh. https://t.co/F4fI2WsldM,1,0
2025-03-25 09:32:14+00:00,"@yuriko_hd YES, DAINSLEIF!!! he is one of my comfort characters alongside Dazai because he's got that big brother energy ;-;",0,0
2025-03-25 09:31:35+00:00,@Adebukky01 Yes he said he doesn’t have his phone and the interviewer said “oh yeah you still under big brother” and he agreed to that.,1,0
2025-03-25 09:31:29+00:00,@machibigbrother GM Big Brother,0,0
2025-03-25 09:31:26+00:00,"🔴There's always the South African way, it's called ubuntu🤝

Travis Scott #BBMzansi #TreatMeTuesday #DiscoveryBestBank #SBLove Reece James Swift Tshwane Zozi #podcastandchill Elon Tbo Touch IPID Big Brother Soshanguve Doja Cat Ongama Kusile https://t.co/FSAXyzgHdS",5,2
2025-03-25 09:31:10+00:00,"It's very fair to say that Mr. Boots Ernest is moving up in the Boxing world. He's currently the IBF, WBO &amp; The Ring Magazine 2024-25 Champion, keep up the good work Boots, some big fights coming down the lines brother 👑😔🥊💫💯 https://t.co/9P0V8XB8ut",0,0
2025-03-25 09:30:51+00:00,@sahil3tt Big  brother,1,0
2025-03-25 09:30:32+00:00,@dfwEddie Big W brother,0,0
