
שם מלא,גיל,סטטוס,עיר מגורים,מין,Final placement,18,Days in game
חיים טויטו,29,רווק,נתניה,ז,12,18,88
עידן גלפר,29,רווק,אשדוד,ז,14,18,77
קורלי יסמין לרוסה,31,רווקה,תל אביב,נ,17,18,58
פרידה זיו עוזיאל,25,רווקה,תל אביב,נ,2,18,112
ברק מדר,24,בזוגיות,נתיבות,ז,22,18,32
נועם מדר,24,רווק,נתיבות,ז,5,18,112
הדר שירי,24,רווקה,רמת גן,נ,4,18,112
דני צ'ירבוננקו,29,רווק,חיפה,ז,6,18,109
בן אדם,35,רווק,תל אביב,ז,18,18,49
אור בן דוד,29,גרוש בזוגיות+1,ראשון לציון,ז,1,18,112
אמילי קופר,21,רווקה,אשדוד,נ,11,18,91
דנה בן שושן,41,נשואה+4,אילון,נ,24,18,25
תום ברכה,41,רווק,תל אביב,ז,25,18,21
דינור אבשייב,26,רווקה,נתניה,נ,27,18,8
לירון טנג'י,31,גרושה בזוגיות+1,אשקלון,נ,26,18,16
אורית ג'ודי טנג'י,61,נשואה+3,אשקלון,נ,23,18,28
יהב ארהבור,26,רווק,רמלה,ז,21,18,36
יוסי פריאנטי,29,נשוי+1,לוד,ז,3,18,112
עינב שרי,24,בזוגיות,תל מונד,נ,13,18,84
מלאני למברסקי,24,בזוגיות,חיפה,נ,8,18,103
צחי פלג,50,נשוי+3,כפר יונה,ז,20,18,42
מלי קליגר,23,גרושה,ביתר עילית,נ,19,18,49
קרן אוזן,25,בזוגיות,סביון,נ,16,18,63
איציק עמרם,39,נשוי+3,אריאל,ז,15,18,70
שילה שלום,27,רווק,תל אביב,ז,10,18,98
מיכל מושיוב,35,גרושה,הרצליה,נ,9,18,102
דרק ג'וניור (די ג'יי) שארפ,27,רווק,הרצליה,ז,7,18,105